[
    {
        "name": "software.amazonaws.example.product.handler.CreateProductHandler",
        "allDeclaredConstructors": true,
        "allPublicConstructors": true,
        "allDeclaredMethods": true,
        "allPublicMethods": true,
        "allDeclaredClasses": true,
        "allPublicClasses": true
    },
    {
        "name": "software.amazonaws.example.product.handler.DeleteProductHandler",
        "allDeclaredConstructors": true,
        "allPublicConstructors": true,
        "allDeclaredMethods": true,
        "allPublicMethods": true,
        "allDeclaredClasses": true,
        "allPublicClasses": true
    },
    {
        "name": "software.amazonaws.example.product.handler.GetAllProductsHandler",
        "allDeclaredConstructors": true,
        "allPublicConstructors": true,
        "allDeclaredMethods": true,
        "allPublicMethods": true,
        "allDeclaredClasses": true,
        "allPublicClasses": true
    },
    {
        "name": "software.amazonaws.example.product.handler.GetProductByIdHandler",
        "allDeclaredConstructors": true,
        "allPublicConstructors": true,
        "allDeclaredMethods": true,
        "allPublicMethods": true,
        "allDeclaredClasses": true,
        "allPublicClasses": true
    },
    {
        "name" : "org.apache.commons.logging.impl.LogFactoryImpl",
        "allDeclaredConstructors" : true,
        "allPublicConstructors" : true,
        "allDeclaredMethods" : true,
        "allPublicMethods" : true,
        "allDeclaredClasses" : true,
        "allPublicClasses" : true
    },
    {
        "name" : "java.lang.String",
        "allDeclaredConstructors" : true,
        "allPublicConstructors" : true,
        "allDeclaredMethods" : true,
        "allPublicMethods" : true,
        "allDeclaredClasses" : true,
        "allPublicClasses" : true
    },
    {
        "name" : "org.apache.commons.logging.LogFactory",
        "allDeclaredConstructors" : true,
        "allPublicConstructors" : true,
        "allDeclaredMethods" : true,
        "allPublicMethods" : true,
        "allDeclaredClasses" : true,
        "allPublicClasses" : true
    },
    {
        "name" : "org.apache.commons.logging.impl.SimpleLog",
        "allDeclaredConstructors" : true,
        "allPublicConstructors" : true,
        "allDeclaredMethods" : true,
        "allPublicMethods" : true,
        "allDeclaredClasses" : true,
        "allPublicClasses" : true
    }
]